{
  "ground": "black.jpg",
  "camera": {
    "Alpha": 2.749658689536554,
    "Beta": 0.7246173593469953,
    "Radius": 524.7369233262424,
    "PositionX": -321.4467628784238,
    "PositionY": 392.8984031377273,
    "PositionZ": 132.8595579877378
  },
  "loadable_objects": [
    {
      "id": "s_tree_2",
      "filename": "tree",
      "collisionEnabled": true,
      "position": {
        "x": 21.07031244044049,
        "y": 0,
        "z": -3.5252507162866777
      },
      "rotation": {
        "x": 0,
        "y": 20.999999999999996,
        "z": 0
      },
      "scaling": {
        "x": 6.9974999999999925,
        "y": 6.952399999999992,
        "z": 7.006199999999992
      },
      "visible": true,
      "animation": false
    },
    {
      "id": "m_monkey_walk_test",
      "filename": "MonkeyWalk",
      "collisionEnabled": true,
      "position": {
        "x": -30.544908886261226,
        "y": 0,
        "z": -336.08991821286537
      },
      "rotation": {
        "x": 0,
        "y": 145.99999999999977,
        "z": 0
      },
      "scaling": {
        "x": 6.199999999999995,
        "y": 6.199999999999995,
        "z": 6.199999999999995
      },
      "visible": true,
      "animation": true
    },
    {
      "id": "m_monkey_jump_test",
      "filename": "Monkey",
      "collisionEnabled": true,
      "position": {
        "x": 117.8275384347059,
        "y": 0,
        "z": 228.42153203686348
      },
      "rotation": {
        "x": 0,
        "y": 102.99999999999993,
        "z": 0
      },
      "scaling": {
        "x": 2.483300000000001,
        "y": 2.427000000000001,
        "z": 2.4745000000000013
      },
      "visible": true,
      "animation": false
    },
    {
      "id": "m_monkey_fall_test",
      "filename": "MonkeyFall",
      "collisionEnabled": true,
      "position": {
        "x": 28.28135960617675,
        "y": 79,
        "z": 28.86649952134009
      },
      "rotation": {
        "x": 0,
        "y": 0,
        "z": 0
      },
      "scaling": {
        "x": 6.2999999999999945,
        "y": 6.2999999999999945,
        "z": 6.2999999999999945
      },
      "visible": true,
      "animation": false
    }
  ],
  "creatable_objects": [
    {
      "id": "s_area_1",
      "type": "plane",
      "collisionEnabled": true,
      "position": {
        "x": 124.53587548496779,
        "y": 0,
        "z": 223.1445835150089
      },
      "rotation": {
        "x": -90.99999999999997,
        "y": 20,
        "z": 0
      },
      "scaling": {
        "x": 4.300000000000002,
        "y": 4.300000000000002,
        "z": 4.300000000000002
      },
      "visible": true,
      "image": "none",
      "uwdsCreate": "none",
      "color": {
        "diffuse": {
          "r": 1,
          "g": 1,
          "b": 1
        },
        "specular": {
          "r": 1,
          "g": 1,
          "b": 1
        }
      }
    },
    {
      "id": "s_area_2",
      "type": "plane",
      "collisionEnabled": true,
      "position": {
        "x": 30.482709701873432,
        "y": 0,
        "z": -13.966423834710398
      },
      "rotation": {
        "x": -90.99999999999997,
        "y": 21,
        "z": 0
      },
      "scaling": {
        "x": 4.300000000000002,
        "y": 4.300000000000002,
        "z": 4.300000000000002
      },
      "visible": true,
      "image": "none",
      "uwdsCreate": "none",
      "color": {
        "diffuse": {
          "r": 1,
          "g": 1,
          "b": 1
        },
        "specular": {
          "r": 1,
          "g": 1,
          "b": 1
        }
      }
    },
    {
      "id": "s_area_3",
      "type": "plane",
      "collisionEnabled": true,
      "position": {
        "x": -66.15126581857166,
        "y": 0,
        "z": -253.1446716197803
      },
      "rotation": {
        "x": -90.99999999999997,
        "y": 21,
        "z": 0
      },
      "scaling": {
        "x": 4.300000000000002,
        "y": 4.300000000000002,
        "z": 4.300000000000002
      },
      "visible": true,
      "image": "none",
      "uwdsCreate": "none",
      "color": {
        "diffuse": {
          "r": 1,
          "g": 1,
          "b": 1
        },
        "specular": {
          "r": 1,
          "g": 1,
          "b": 1
        }
      }
    }
  ]
}