{
  "ground": "black.jpg",
  "camera": {
    "Alpha": 2.749658689536554,
    "Beta": 0.7246173593469953,
    "Radius": 524.7369233262424,
    "PositionX": -321.4467628784238,
    "PositionY": 392.8984031377273,
    "PositionZ": 132.8595579877378
  },
  "loadable_objects": [
    {
      "id": "s_tree_3",
      "filename": "tree",
      "collisionEnabled": true,
      "position": {
        "x": -77.90687251913232,
        "y": 0,
        "z": -251.63073658183413
      },
      "rotation": {
        "x": 0,
        "y": 20.999999999999996,
        "z": 0
      },
      "scaling": {
        "x": 6.9974999999999925,
        "y": 6.952399999999992,
        "z": 7.006199999999992
      },
      "visible": true,
      "animation": false
    },
    {
      "id": "m_giraffe_walk_test",
      "filename": "giraffe",
      "collisionEnabled": true,
      "position": {
        "x": 47.68439315860036,
        "y": 0,
        "z": -86.25910152001029
      },
      "rotation": {
        "x": 0,
        "y": -19.999999999999996,
        "z": 0
      },
      "scaling": {
        "x": 5.991299999999995,
        "y": 6.030299999999995,
        "z": 6.009999999999995
      },
      "visible": true,
      "animation": false
    },
    {
      "id": "m_giraffe_jump_test",
      "filename": "giraffe",
      "collisionEnabled": true,
      "position": {
        "x": 112.86760791251692,
        "y": 0,
        "z": 227.13931414650784
      },
      "rotation": {
        "x": 0,
        "y": 20.999999999999996,
        "z": 0
      },
      "scaling": {
        "x": 5.991299999999995,
        "y": 6.030299999999995,
        "z": 6.009999999999995
      },
      "visible": true,
      "animation": false
    },
    {
      "id": "m_giraffe_fall_test",
      "filename": "giraffe",
      "collisionEnabled": true,
      "position": {
        "x": -84.41074725541029,
        "y": 71,
        "z": -241.66830725116097
      },
      "rotation": {
        "x": 6.000000000000002,
        "y": 22.999999999999996,
        "z": 0
      },
      "scaling": {
        "x": 5.991299999999995,
        "y": 6.030299999999995,
        "z": 6.009999999999995
      },
      "visible": true,
      "animation": false
    }
  ],
  "creatable_objects": [
    {
      "id": "s_area_1",
      "type": "plane",
      "collisionEnabled": true,
      "position": {
        "x": 124.53587548496779,
        "y": 0,
        "z": 223.1445835150089
      },
      "rotation": {
        "x": -90.99999999999997,
        "y": 20,
        "z": 0
      },
      "scaling": {
        "x": 4.300000000000002,
        "y": 4.300000000000002,
        "z": 4.300000000000002
      },
      "visible": true,
      "image": "none",
      "uwdsCreate": "none",
      "color": {
        "diffuse": {
          "r": 1,
          "g": 1,
          "b": 1
        },
        "specular": {
          "r": 1,
          "g": 1,
          "b": 1
        }
      }
    },
    {
      "id": "s_area_2",
      "type": "plane",
      "collisionEnabled": true,
      "position": {
        "x": 30.482709701873432,
        "y": 0,
        "z": -13.966423834710398
      },
      "rotation": {
        "x": -90.99999999999997,
        "y": 21,
        "z": 0
      },
      "scaling": {
        "x": 4.300000000000002,
        "y": 4.300000000000002,
        "z": 4.300000000000002
      },
      "visible": true,
      "image": "none",
      "uwdsCreate": "none",
      "color": {
        "diffuse": {
          "r": 1,
          "g": 1,
          "b": 1
        },
        "specular": {
          "r": 1,
          "g": 1,
          "b": 1
        }
      }
    },
    {
      "id": "s_area_3",
      "type": "plane",
      "collisionEnabled": true,
      "position": {
        "x": -66.15126581857166,
        "y": 0,
        "z": -253.1446716197803
      },
      "rotation": {
        "x": -90.99999999999997,
        "y": 21,
        "z": 0
      },
      "scaling": {
        "x": 4.300000000000002,
        "y": 4.300000000000002,
        "z": 4.300000000000002
      },
      "visible": true,
      "image": "none",
      "uwdsCreate": "none",
      "color": {
        "diffuse": {
          "r": 1,
          "g": 1,
          "b": 1
        },
        "specular": {
          "r": 1,
          "g": 1,
          "b": 1
        }
      }
    }
  ]
}