{
  "ground": "black.jpg",
  "camera": {
    "Alpha": 2.749658689536554,
    "Beta": 0.7246173593469953,
    "Radius": 524.7369233262424,
    "PositionX": -321.4467628784238,
    "PositionY": 392.8984031377273,
    "PositionZ": 132.8595579877378
  },
  "loadable_objects": [
    {
      "id": "s_tree_2",
      "filename": "tree",
      "collisionEnabled": true,
      "position": {
        "x": 21.673429205258287,
        "y": 0,
        "z": -12.871189709778008
      },
      "rotation": {
        "x": 0,
        "y": 20.999999999999996,
        "z": 0
      },
      "scaling": {
        "x": 6.9974999999999925,
        "y": 6.952399999999992,
        "z": 7.006199999999992
      },
      "visible": true,
      "animation": false
    },
    {
      "id": "m_monkey_walk_test",
      "filename": "MonkeyWalk",
      "collisionEnabled": true,
      "position": {
        "x": 157.42503990675704,
        "y": 0,
        "z": 126.43926600228951
      },
      "rotation": {
        "x": 0,
        "y": 145.99999999999977,
        "z": 0
      },
      "scaling": {
        "x": 7.199999999999991,
        "y": 7.199999999999991,
        "z": 7.199999999999991
      },
      "visible": true,
      "animation": true
    },
    {
      "id": "m_monkey_run_test",
      "filename": "MonkeyRun",
      "collisionEnabled": true,
      "position": {
        "x": -27.025922214445472,
        "y": 0,
        "z": -351.12549898509167
      },
      "rotation": {
        "x": 0,
        "y": 153.99999999999977,
        "z": 0
      },
      "scaling": {
        "x": 6.699999999999991,
        "y": 6.699999999999991,
        "z": 6.699999999999991
      },
      "visible": true,
      "animation": true
    },
    {
      "id": "m_monkey_climb_test",
      "filename": "MonkeyFall",
      "collisionEnabled": true,
      "position": {
        "x": 19.28559795222543,
        "y": 31,
        "z": 17.648780625941654
      },
      "rotation": {
        "x": -70.00000000000004,
        "y": 0,
        "z": 0
      },
      "scaling": {
        "x": 5.599999999999997,
        "y": 5.599999999999997,
        "z": 5.599999999999997
      },
      "visible": true,
      "animation": false
    }
  ],
  "creatable_objects": [
    {
      "id": "s_area_1",
      "type": "plane",
      "collisionEnabled": true,
      "position": {
        "x": 124.53587548496779,
        "y": 0,
        "z": 223.1445835150089
      },
      "rotation": {
        "x": -90.99999999999997,
        "y": 20,
        "z": 0
      },
      "scaling": {
        "x": 4.300000000000002,
        "y": 4.300000000000002,
        "z": 4.300000000000002
      },
      "visible": true,
      "image": "none",
      "uwdsCreate": "none",
      "color": {
        "diffuse": {
          "r": 1,
          "g": 1,
          "b": 1
        },
        "specular": {
          "r": 1,
          "g": 1,
          "b": 1
        }
      }
    },
    {
      "id": "s_area_2",
      "type": "plane",
      "collisionEnabled": true,
      "position": {
        "x": 30.482709701873432,
        "y": 0,
        "z": -13.966423834710398
      },
      "rotation": {
        "x": -90.99999999999997,
        "y": 21,
        "z": 0
      },
      "scaling": {
        "x": 4.300000000000002,
        "y": 4.300000000000002,
        "z": 4.300000000000002
      },
      "visible": true,
      "image": "none",
      "uwdsCreate": "none",
      "color": {
        "diffuse": {
          "r": 1,
          "g": 1,
          "b": 1
        },
        "specular": {
          "r": 1,
          "g": 1,
          "b": 1
        }
      }
    },
    {
      "id": "s_area_3",
      "type": "plane",
      "collisionEnabled": true,
      "position": {
        "x": -66.15126581857166,
        "y": 0,
        "z": -253.1446716197803
      },
      "rotation": {
        "x": -90.99999999999997,
        "y": 21,
        "z": 0
      },
      "scaling": {
        "x": 4.300000000000002,
        "y": 4.300000000000002,
        "z": 4.300000000000002
      },
      "visible": true,
      "image": "none",
      "uwdsCreate": "none",
      "color": {
        "diffuse": {
          "r": 1,
          "g": 1,
          "b": 1
        },
        "specular": {
          "r": 1,
          "g": 1,
          "b": 1
        }
      }
    }
  ]
}