{
  "ground": "black.jpg",
  "camera": {
    "Alpha": 2.749658689536554,
    "Beta": 0.7246173593469953,
    "Radius": 524.7369233262424,
    "PositionX": -321.4467628784238,
    "PositionY": 392.8984031377273,
    "PositionZ": 132.8595579877378
  },
  "loadable_objects": [
    {
      "id": "m_bird_walking_test",
      "filename": "BirdFlying",
      "collisionEnabled": true,
      "position": {
        "x": 151.21783079460835,
        "y": 14,
        "z": 141.89677742854974
      },
      "rotation": {
        "x": -57.00000000000008,
        "y": -9,
        "z": 0
      },
      "scaling": {
        "x": 13.19999999999997,
        "y": 13.19999999999997,
        "z": 13.19999999999997
      },
      "visible": true,
      "animation": false
    },
    {
      "id": "m_bird_running_test",
      "filename": "BirdFlying",
      "collisionEnabled": true,
      "position": {
        "x": 68.18563934042152,
        "y": 0,
        "z": -97.21650174727839
      },
      "rotation": {
        "x": -44.00000000000004,
        "y": 1.9999999999999971,
        "z": 0
      },
      "scaling": {
        "x": 14.199999999999967,
        "y": 14.199999999999967,
        "z": 14.199999999999967
      },
      "visible": true,
      "animation": false
    },
    {
      "id": "m_bird_climbing_test",
      "filename": "BirdFlying",
      "collisionEnabled": true,
      "position": {
        "x": -75.48669342591555,
        "y": 19,
        "z": -213.74881492427303
      },
      "rotation": {
        "x": -81,
        "y": -119.99999999999987,
        "z": 0
      },
      "scaling": {
        "x": 13.19999999999997,
        "y": 13.19999999999997,
        "z": 13.19999999999997
      },
      "visible": true,
      "animation": false
    },
    {
      "id": "s_tree",
      "filename": "tree",
      "collisionEnabled": true,
      "position": {
        "x": -79.56113431925328,
        "y": 0,
        "z": -223.60671231219717
      },
      "rotation": {
        "x": 0,
        "y": 0,
        "z": 0
      },
      "scaling": {
        "x": 6.397499999999995,
        "y": 6.352399999999994,
        "z": 6.406199999999994
      },
      "visible": true,
      "animation": false
    }
  ],
  "creatable_objects": [
    {
      "id": "s_area_1",
      "type": "plane",
      "collisionEnabled": true,
      "position": {
        "x": 124.53587548496779,
        "y": 0,
        "z": 223.1445835150089
      },
      "rotation": {
        "x": -90.99999999999997,
        "y": 20,
        "z": 0
      },
      "scaling": {
        "x": 4.300000000000002,
        "y": 4.300000000000002,
        "z": 4.300000000000002
      },
      "visible": true,
      "image": "none",
      "uwdsCreate": "none",
      "color": {
        "diffuse": {
          "r": 1,
          "g": 1,
          "b": 1
        },
        "specular": {
          "r": 1,
          "g": 1,
          "b": 1
        }
      }
    },
    {
      "id": "s_area_2",
      "type": "plane",
      "collisionEnabled": true,
      "position": {
        "x": 30.482709701873432,
        "y": 0,
        "z": -13.966423834710398
      },
      "rotation": {
        "x": -90.99999999999997,
        "y": 21,
        "z": 0
      },
      "scaling": {
        "x": 4.300000000000002,
        "y": 4.300000000000002,
        "z": 4.300000000000002
      },
      "visible": true,
      "image": "none",
      "uwdsCreate": "none",
      "color": {
        "diffuse": {
          "r": 1,
          "g": 1,
          "b": 1
        },
        "specular": {
          "r": 1,
          "g": 1,
          "b": 1
        }
      }
    },
    {
      "id": "s_area_3",
      "type": "plane",
      "collisionEnabled": true,
      "position": {
        "x": -66.15126581857166,
        "y": 0,
        "z": -253.1446716197803
      },
      "rotation": {
        "x": -90.99999999999997,
        "y": 21,
        "z": 0
      },
      "scaling": {
        "x": 4.300000000000002,
        "y": 4.300000000000002,
        "z": 4.300000000000002
      },
      "visible": true,
      "image": "none",
      "uwdsCreate": "none",
      "color": {
        "diffuse": {
          "r": 1,
          "g": 1,
          "b": 1
        },
        "specular": {
          "r": 1,
          "g": 1,
          "b": 1
        }
      }
    }
  ]
}