{
  "ground": "black.jpg",
  "camera": {
    "Alpha": 2.749658689536554,
    "Beta": 0.7246173593469953,
    "Radius": 524.7369233262424,
    "PositionX": -321.4467628784238,
    "PositionY": 392.8984031377273,
    "PositionZ": 132.8595579877378
  },
  "loadable_objects": [
    {
      "id": "m_monkey_standing",
      "filename": "Monkey",
      "collisionEnabled": true,
      "position": {
        "x": 29.38604518837252,
        "y": 0,
        "z": -9.523878463794262
      },
      "rotation": {
        "x": 0,
        "y": 98.99999999999994,
        "z": 0
      },
      "scaling": {
        "x": 2.7833000000000014,
        "y": 2.727000000000001,
        "z": 2.7745000000000015
      },
      "visible": true,
      "animation": false
    },
    {
      "id": "m_monkey_falling",
      "filename": "MonkeyFall",
      "collisionEnabled": true,
      "position": {
        "x": -60.84357845242005,
        "y": 135,
        "z": -254.5972643584994
      },
      "rotation": {
        "x": 0,
        "y": 82,
        "z": 0
      },
      "scaling": {
        "x": 6.199999999999995,
        "y": 6.199999999999995,
        "z": 6.199999999999995
      },
      "visible": true,
      "animation": false
    },
    {
      "id": "m_monkey_rolling",
      "filename": "MonkeyFall",
      "collisionEnabled": true,
      "position": {
        "x": 103.061963403633,
        "y": 25,
        "z": 168.73116589867877
      },
      "rotation": {
        "x": -5,
        "y": 0,
        "z": 0
      },
      "scaling": {
        "x": 6.199999999999995,
        "y": 6.199999999999995,
        "z": 6.199999999999995
      },
      "visible": true,
      "animation": false
    }
  ],
  "creatable_objects": [
    {
      "id": "s_area_1",
      "type": "plane",
      "collisionEnabled": true,
      "position": {
        "x": 124.53587548496779,
        "y": 0,
        "z": 223.1445835150089
      },
      "rotation": {
        "x": -90.99999999999997,
        "y": 20,
        "z": 0
      },
      "scaling": {
        "x": 4.300000000000002,
        "y": 4.300000000000002,
        "z": 4.300000000000002
      },
      "visible": true,
      "image": "none",
      "uwdsCreate": "none",
      "color": {
        "diffuse": {
          "r": 1,
          "g": 1,
          "b": 1
        },
        "specular": {
          "r": 1,
          "g": 1,
          "b": 1
        }
      }
    },
    {
      "id": "s_area_2",
      "type": "plane",
      "collisionEnabled": true,
      "position": {
        "x": 30.482709701873432,
        "y": 0,
        "z": -13.966423834710398
      },
      "rotation": {
        "x": -90.99999999999997,
        "y": 21,
        "z": 0
      },
      "scaling": {
        "x": 4.300000000000002,
        "y": 4.300000000000002,
        "z": 4.300000000000002
      },
      "visible": true,
      "image": "none",
      "uwdsCreate": "none",
      "color": {
        "diffuse": {
          "r": 1,
          "g": 1,
          "b": 1
        },
        "specular": {
          "r": 1,
          "g": 1,
          "b": 1
        }
      }
    },
    {
      "id": "s_area_3",
      "type": "plane",
      "collisionEnabled": true,
      "position": {
        "x": -66.15126581857166,
        "y": 0,
        "z": -253.1446716197803
      },
      "rotation": {
        "x": -90.99999999999997,
        "y": 21,
        "z": 0
      },
      "scaling": {
        "x": 4.300000000000002,
        "y": 4.300000000000002,
        "z": 4.300000000000002
      },
      "visible": true,
      "image": "none",
      "uwdsCreate": "none",
      "color": {
        "diffuse": {
          "r": 1,
          "g": 1,
          "b": 1
        },
        "specular": {
          "r": 1,
          "g": 1,
          "b": 1
        }
      }
    }
  ]
}