{
  "ground": "grass.png",
  "camera": {
    "Alpha": 1.6361521649046853,
    "Beta": 1.3558413124675233,
    "Radius": 450,
    "PositionX": -28.712831426114445,
    "PositionY": 95.98656516510897,
    "PositionZ": 438.70508615617825
  },
  "loadable_objects": [
    {
      "id": "s_big_elephant",
      "filename": "elephant_big",
      "collisionEnabled": true,
      "position": {
        "x": 110.82475822484948,
        "y": 0,
        "z": 82.47816406263797
      },
      "rotation": {
        "x": -0.9999999999999972,
        "y": -32.00000000000001,
        "z": 0
      },
      "scaling": {
        "x": 5.846899999999996,
        "y": 5.810699999999996,
        "z": 5.901199999999996
      },
      "visible": true,
      "animation": false
    },
    {
      "id": "s_small_elephant",
      "filename": "elephant_big",
      "collisionEnabled": true,
      "position": {
        "x": -47.33526831027686,
        "y": 0,
        "z": 153.95029750076134
      },
      "rotation": {
        "x": 3,
        "y": 21.999999999999996,
        "z": 0
      },
      "scaling": {
        "x": 3.0469000000000017,
        "y": 3.0107000000000017,
        "z": 3.1012000000000017
      },
      "visible": true,
      "animation": false
    },
    {
      "id": "temp_tree0_2",
      "filename": "tree",
      "collisionEnabled": true,
      "position": {
        "x": -195.79404774950686,
        "y": 0,
        "z": -33.10038729588683
      },
      "rotation": {
        "x": 0,
        "y": 0,
        "z": 0
      },
      "scaling": {
        "x": 8.397499999999988,
        "y": 8.352399999999987,
        "z": 8.406199999999988
      },
      "visible": true,
      "animation": false
    }
  ],
  "creatable_objects": []
}