{
  "ground": "black.jpg",
  "camera": {
    "Alpha": 2.749658689536554,
    "Beta": 0.7246173593469953,
    "Radius": 524.7369233262424,
    "PositionX": -321.4467628784238,
    "PositionY": 392.8984031377273,
    "PositionZ": 132.8595579877378
  },
  "loadable_objects": [
    {
      "id": "s_big_monkey_test",
      "filename": "Monkey",
      "position": {
        "x": -76.13000692655046,
        "y": 0,
        "z": -247.73359023388622
      },
      "scaling": {
        "x": 4.6833,
        "y": 4.627,
        "z": 4.6745
      },
      "rotation": {
        "x": 0,
        "y": 132.99999999999983,
        "z": 0
      },
      "visible": "true",
      "animation": "false",
      "collisionEnabled": "true"
    },
    {
      "id": "s_small_elephant_test",
      "filename": "elephant_big",
      "position": {
        "x": 21.3271592392378,
        "y": 0,
        "z": -7.05889064173914
      },
      "scaling": {
        "x": 2.246900000000001,
        "y": 2.210700000000001,
        "z": 2.301200000000001
      },
      "rotation": {
        "x": 0,
        "y": 0,
        "z": 0
      },
      "visible": "true",
      "animation": "false",
      "collisionEnabled": "true"
    },
    {
      "id": "s_big_elephant_test",
      "filename": "elephant_big",
      "position": {
        "x": 103.91496488633572,
        "y": 0,
        "z": 204.86703750167646
      },
      "scaling": {
        "x": 4.6469000000000005,
        "y": 4.6107000000000005,
        "z": 4.7012
      },
      "rotation": {
        "x": 0,
        "y": 0,
        "z": 0
      },
      "visible": "true",
      "animation": "false",
      "collisionEnabled": "true"
    }
  ],
  "creatable_objects": [
    {
      "id": "s_area_1",
      "type": "plane",
      "collisionEnabled": true,
      "position": {
        "x": 124.53587548496779,
        "y": 0,
        "z": 223.1445835150089
      },
      "rotation": {
        "x": -90.99999999999997,
        "y": 20,
        "z": 0
      },
      "scaling": {
        "x": 4.300000000000002,
        "y": 4.300000000000002,
        "z": 4.300000000000002
      },
      "size": {},
      "visible": true,
      "image": "none",
      "uwdsCreate": "none",
      "color": {
        "diffuse": {
          "r": 1,
          "g": 1,
          "b": 1
        },
        "specular": {
          "r": 1,
          "g": 1,
          "b": 1
        }
      }
    },
    {
      "id": "s_area_2",
      "type": "plane",
      "collisionEnabled": true,
      "position": {
        "x": 30.482709701873432,
        "y": 0,
        "z": -13.966423834710398
      },
      "rotation": {
        "x": -90.99999999999997,
        "y": 21,
        "z": 0
      },
      "scaling": {
        "x": 4.300000000000002,
        "y": 4.300000000000002,
        "z": 4.300000000000002
      },
      "size": {},
      "visible": true,
      "image": "none",
      "uwdsCreate": "none",
      "color": {
        "diffuse": {
          "r": 1,
          "g": 1,
          "b": 1
        },
        "specular": {
          "r": 1,
          "g": 1,
          "b": 1
        }
      }
    },
    {
      "id": "s_area_3",
      "type": "plane",
      "collisionEnabled": true,
      "position": {
        "x": -66.15126581857166,
        "y": 0,
        "z": -253.1446716197803
      },
      "rotation": {
        "x": -90.99999999999997,
        "y": 21,
        "z": 0
      },
      "scaling": {
        "x": 4.300000000000002,
        "y": 4.300000000000002,
        "z": 4.300000000000002
      },
      "size": {},
      "visible": true,
      "image": "none",
      "uwdsCreate": "none",
      "color": {
        "diffuse": {
          "r": 1,
          "g": 1,
          "b": 1
        },
        "specular": {
          "r": 1,
          "g": 1,
          "b": 1
        }
      }
    }
  ]
}