{
  "ground": "grass.png",
  "camera": {
    "Alpha": 1.578685665631076,
    "Beta": 1.138169984731711,
    "Radius": 450,
    "PositionX": -3.2230809725774607,
    "PositionY": 188.66547762697098,
    "PositionZ": 408.52778277717067
  },
  "loadable_objects": [
    {
      "id": "temp_Rock0_0",
      "filename": "Rock",
      "collisionEnabled": true,
      "position": {
        "x": -4.761297729645364,
        "y": 9,
        "z": 35.40179498064168
      },
      "rotation": {
        "x": 0,
        "y": 0,
        "z": 0
      },
      "scaling": {
        "x": 32.372500000000194,
        "y": 36.97250000000026,
        "z": 31.97250000000019
      },
      "visible": true,
      "animation": false
    },
    {
      "id": "s_heavy_giraffe",
      "filename": "giraffe",
      "collisionEnabled": true,
      "position": {
        "x": -114.92261436640415,
        "y": 8,
        "z": 53.925216624264806
      },
      "rotation": {
        "x": 0,
        "y": 72.99999999999997,
        "z": 0
      },
      "scaling": {
        "x": 3.7833000000000023,
        "y": 3.727000000000002,
        "z": 3.7745000000000024
      },
      "visible": true,
      "animation": false
    },
    {
      "id": "s_light_giraffe",
      "filename": "giraffe",
      "collisionEnabled": true,
      "position": {
        "x": 96.19255367501565,
        "y": 91,
        "z": 63.258649467476914
      },
      "rotation": {
        "x": 8,
        "y": 297.9999999999994,
        "z": 0
      },
      "scaling": {
        "x": 3.483300000000002,
        "y": 3.427000000000002,
        "z": 3.474500000000002
      },
      "visible": true,
      "animation": false
    }
  ],
  "creatable_objects": [
    {
      "id": "temp_plane_0",
      "type": "plane",
      "collisionEnabled": true,
      "position": {
        "x": -7.868174687359527,
        "y": 45,
        "z": 45.812431793146516
      },
      "rotation": {
        "x": 110,
        "y": -90,
        "z": 90
      },
      "scaling": {
        "x": 5.599999999999997,
        "y": 1.1,
        "z": 3.9000000000000026
      },
      "visible": true,
      "image": "none",
      "uwdsCreate": "none",
      "color": {
        "diffuse": {
          "r": 0.624,
          "g": 0.518,
          "b": 0.384
        },
        "specular": {
          "r": 1,
          "g": 1,
          "b": 1
        }
      }
    },
    {
      "id": "s_hitbox_light",
      "type": "plane",
      "collisionEnabled": true,
      "position": {
        "x": 84.8966176648848,
        "y": 113,
        "z": 134.6976749037667
      },
      "rotation": {
        "x": 0,
        "y": 0,
        "z": 0
      },
      "scaling": {
        "x": 1.7000000000000006,
        "y": 1.7000000000000006,
        "z": 1.7000000000000006
      },
      "size": {},
      "visible": true,
      "image": "textures/transparent.png",
      "uwdsCreate": "none",
      "color": {
        "diffuse": {
          "r": 1,
          "g": 1,
          "b": 1
        },
        "specular": {
          "r": 1,
          "g": 1,
          "b": 1
        }
      }
    }     
  ]
}