{
  "ground": "black.jpg",
  "camera": {
    "Alpha": 2.749658689536554,
    "Beta": 0.7246173593469953,
    "Radius": 524.7369233262424,
    "PositionX": -321.4467628784238,
    "PositionY": 392.8984031377273,
    "PositionZ": 132.8595579877378
  },
  "loadable_objects": [
    {
      "id": "s_low_monkey_test_1",
      "filename": "Monkey",
      "position": {
        "x": 19.774511571320716,
        "y": 0,
        "z": -10.815440559447154
      },
      "scaling": {
        "x": 2.283300000000001,
        "y": 2.2270000000000008,
        "z": 2.274500000000001
      },
      "rotation": {
        "x": 0,
        "y": -218.99999999999955,
        "z": 0
      },
      "visible": "true",
      "animation": "false",
      "collisionEnabled": "true"
    },
    {
      "id": "s_low_monkey_test_2",
      "filename": "Monkey",
      "position": {
        "x": -73.08880110843882,
        "y": 0,
        "z": -247.74160915908752
      },
      "scaling": {
        "x": 2.283300000000001,
        "y": 2.2270000000000008,
        "z": 2.274500000000001
      },
      "rotation": {
        "x": 0,
        "y": -218.99999999999955,
        "z": 0
      },
      "visible": "true",
      "animation": "false",
      "collisionEnabled": "true"
    },
    {
      "id": "s_tree_high",
      "filename": "Tree",
      "position": {
        "x": 102.61466228104649,
        "y": 0,
        "z": 208.92089863038504
      },
      "scaling": {
        "x": 6.197499999999995,
        "y": 6.152399999999995,
        "z": 6.206199999999995
      },
      "rotation": {
        "x": 0,
        "y": 0,
        "z": 0
      },
      "visible": "true",
      "animation": "false",
      "collisionEnabled": "true"
    },
    {
      "id": "s_high_monkey_test",
      "filename": "Monkey",
      "position": {
        "x": 89.84124457416823,
        "y": 76,
        "z": 205.86779116410088
      },
      "scaling": {
        "x": 2.283300000000001,
        "y": 2.2270000000000008,
        "z": 2.274500000000001
      },
      "rotation": {
        "x": 0,
        "y": -218.99999999999955,
        "z": 0
      },
      "visible": "true",
      "animation": "false",
      "collisionEnabled": "true"
    }
  ],
  "creatable_objects": [
    {
      "id": "s_area_1",
      "type": "plane",
      "collisionEnabled": true,
      "position": {
        "x": 124.53587548496779,
        "y": 0,
        "z": 223.1445835150089
      },
      "rotation": {
        "x": -90.99999999999997,
        "y": 20,
        "z": 0
      },
      "scaling": {
        "x": 4.300000000000002,
        "y": 4.300000000000002,
        "z": 4.300000000000002
      },
      "size": {},
      "visible": true,
      "image": "none",
      "uwdsCreate": "none",
      "color": {
        "diffuse": {
          "r": 1,
          "g": 1,
          "b": 1
        },
        "specular": {
          "r": 1,
          "g": 1,
          "b": 1
        }
      }
    },
    {
      "id": "s_area_2",
      "type": "plane",
      "collisionEnabled": true,
      "position": {
        "x": 30.482709701873432,
        "y": 0,
        "z": -13.966423834710398
      },
      "rotation": {
        "x": -90.99999999999997,
        "y": 21,
        "z": 0
      },
      "scaling": {
        "x": 4.300000000000002,
        "y": 4.300000000000002,
        "z": 4.300000000000002
      },
      "size": {},
      "visible": true,
      "image": "none",
      "uwdsCreate": "none",
      "color": {
        "diffuse": {
          "r": 1,
          "g": 1,
          "b": 1
        },
        "specular": {
          "r": 1,
          "g": 1,
          "b": 1
        }
      }
    },
    {
      "id": "s_area_3",
      "type": "plane",
      "collisionEnabled": true,
      "position": {
        "x": -66.15126581857166,
        "y": 0,
        "z": -253.1446716197803
      },
      "rotation": {
        "x": -90.99999999999997,
        "y": 21,
        "z": 0
      },
      "scaling": {
        "x": 4.300000000000002,
        "y": 4.300000000000002,
        "z": 4.300000000000002
      },
      "size": {},
      "visible": true,
      "image": "none",
      "uwdsCreate": "none",
      "color": {
        "diffuse": {
          "r": 1,
          "g": 1,
          "b": 1
        },
        "specular": {
          "r": 1,
          "g": 1,
          "b": 1
        }
      }
    },
    {
      "id": "s_lake_1",
      "type": "cylinder",
      "collisionEnabled": true,
      "position": {
        "x": 30,
        "y": 4,
        "z": -15
      },
      "rotation": {
        "x": 0,
        "y": 4.000000000000003,
        "z": 0
      },
      "scaling": {
        "x": 15.69999999999998,
        "y": 1.0269562977782698E-15,
        "z": 15.69999999999998
      },
      "size": {
        "diameter": 156.9999999999998,
        "height": 0.1,
        "tessellation": 50
      },
      "visible": true,
      "image": "none",
      "uwdsCreate": "sphere",
      "color": {
        "diffuse": {
          "r": 0.2,
          "g": 0.6,
          "b": 1
        },
        "specular": {
          "r": 1,
          "g": 1,
          "b": 1
        }
      }
    }
  ]
}